{
  "results": {
    "linear_regression": {
      "rmse": 5796.284659276274,
      "r2": 0.7835929767120722
    },
    "decision_tree": {
      "rmse": 4776.261074558304,
      "r2": 0.8530572866320028,
      "best_params": {
        "model__max_depth": 3,
        "model__min_samples_leaf": 1,
        "model__min_samples_split": 2
      }
    },
    "random_forest": {
      "rmse": 4347.538977610156,
      "r2": 0.8782528206174676,
      "best_params": {
        "model__max_depth": 5,
        "model__min_samples_leaf": 5,
        "model__n_estimators": 100
      }
    }
  },
  "best_model": "random_forest"
}